annotation_version,task,train_rows,test_rows
1.0.0,autoPET-III_TumorLesionSize_Task01_Axial-CoT,182,87
1.0.0,BraTS24_TumorLesionSize_Task04_Axial-CoT,347,182
1.0.0,BraTS24_TumorLesionSize_Task05_Axial-CoT,556,205
1.0.0,BraTS24_TumorLesionSize_Task10_Axial-CoT,399,207
1.0.0,HNTSMRG24_TumorLesionSize_Task02_Axial-CoT,148,95
1.0.0,KiPA22_TumorLesionSize_Task01_Axial-CoT,866,391
1.0.0,KiTS23_TumorLesionSize_Task01_Axial-CoT,1859,673
1.0.0,MSD_TumorLesionSize_Task03_Axial-CoT,223,194
1.0.0,MSD_TumorLesionSize_Task05_Axial-CoT,543,231
1.0.0,MSD_TumorLesionSize_Task06_Axial-CoT,428,176
1.1.1,autoPET-III_TumorLesionSize_Task01_Axial-CoT,393,198
1.1.1,BraTS24_TumorLesionSize_Task04_Axial-CoT,745,310
1.1.1,BraTS24_TumorLesionSize_Task05_Axial-CoT,952,347
1.1.1,BraTS24_TumorLesionSize_Task10_Axial-CoT,745,279
1.1.1,HNTSMRG24_TumorLesionSize_Task02_Axial-CoT,218,99
1.1.1,KiPA22_TumorLesionSize_Task01_Axial-CoT,878,392
1.1.1,KiTS23_TumorLesionSize_Task01_Axial-CoT,2293,841
1.1.1,MSD_TumorLesionSize_Task03_Axial-CoT,250,182
1.1.1,MSD_TumorLesionSize_Task05_Axial-CoT,685,258
1.1.1,MSD_TumorLesionSize_Task06_Axial-CoT,271,35
1.4.0,autoPET-III_TumorLesionSize_Task01_Axial-CoT,19209,8140
1.4.0,BraTS24_TumorLesionSize_Task04_Axial-CoT,22894,9802
1.4.0,BraTS24_TumorLesionSize_Task05_Axial-CoT,8111,3450
1.4.0,BraTS24_TumorLesionSize_Task10_Axial-CoT,5662,2308
1.4.0,HNTSMRG24_TumorLesionSize_Task02_Axial-CoT,1824,750
1.4.0,KiPA22_TumorLesionSize_Task01_Axial-CoT,3258,1415
1.4.0,KiTS23_TumorLesionSize_Task01_Axial-CoT,8160,3179
1.4.0,MSD_TumorLesionSize_Task03_Axial-CoT,3811,1689
1.4.0,MSD_TumorLesionSize_Task05_Axial-CoT,3053,1395
1.4.0,MSD_TumorLesionSize_Task06_Axial-CoT,2449,906
